Category	HeatmapFileName	GeneCount	TreeFileName	GenomeCount	PhylumAnnotationFileName	GenusAnnotationFileName	SourceStripFileName	GenomeNameLabelsFileName	CompletenessPiechartFileName
Alkanes	itol_gene_counts_besthit__alkanes.txt	38	Bacteria_71_fasttree__alkanes.nwk	352	itol_phylum_annotation__alkanes.txt	itol_genus_annotation__alkanes.txt	itol_source_colorstrip__alkanes.txt	itol_genome_name_labels__alkanes.txt	itol_completeness_piechart__alkanes.txt
Alkenes	itol_gene_counts_besthit__alkenes.txt	21	Bacteria_71_fasttree__alkenes.nwk	266	itol_phylum_annotation__alkenes.txt	itol_genus_annotation__alkenes.txt	itol_source_colorstrip__alkenes.txt	itol_genome_name_labels__alkenes.txt	itol_completeness_piechart__alkenes.txt
Aromatic carboxylate	itol_gene_counts_besthit__aromatic_carboxylate.txt	14	Bacteria_71_fasttree__aromatic_carboxylate.nwk	318	itol_phylum_annotation__aromatic_carboxylate.txt	itol_genus_annotation__aromatic_carboxylate.txt	itol_source_colorstrip__aromatic_carboxylate.txt	itol_genome_name_labels__aromatic_carboxylate.txt	itol_completeness_piechart__aromatic_carboxylate.txt
Aromatics	itol_gene_counts_besthit__aromatics.txt	239	Bacteria_71_fasttree__aromatics.nwk	357	itol_phylum_annotation__aromatics.txt	itol_genus_annotation__aromatics.txt	itol_source_colorstrip__aromatics.txt	itol_genome_name_labels__aromatics.txt	itol_completeness_piechart__aromatics.txt
Catechol	itol_gene_counts_besthit__catechol.txt	23	Bacteria_71_fasttree__catechol.nwk	307	itol_phylum_annotation__catechol.txt	itol_genus_annotation__catechol.txt	itol_source_colorstrip__catechol.txt	itol_genome_name_labels__catechol.txt	itol_completeness_piechart__catechol.txt
Benzoyl-CoA	itol_gene_counts_besthit__benzoyl_coa.txt	9							
Beta-oxidation	itol_gene_counts_besthit__beta_oxidation.txt	19	Bacteria_71_fasttree__beta_oxidation.nwk	359	itol_phylum_annotation__beta_oxidation.txt	itol_genus_annotation__beta_oxidation.txt	itol_source_colorstrip__beta_oxidation.txt	itol_genome_name_labels__beta_oxidation.txt	itol_completeness_piechart__beta_oxidation.txt
Carboxylates	itol_gene_counts_besthit__carboxylates.txt	10							
Cycloalkanes	itol_gene_counts_besthit__cycloalkanes.txt	17	Bacteria_71_fasttree__cycloalkanes.nwk	320	itol_phylum_annotation__cycloalkanes.txt	itol_genus_annotation__cycloalkanes.txt	itol_source_colorstrip__cycloalkanes.txt	itol_genome_name_labels__cycloalkanes.txt	itol_completeness_piechart__cycloalkanes.txt
Plastics	itol_gene_counts_besthit__plastics.txt	122	Bacteria_71_fasttree__plastics.nwk	353	itol_phylum_annotation__plastics.txt	itol_genus_annotation__plastics.txt	itol_source_colorstrip__plastics.txt	itol_genome_name_labels__plastics.txt	itol_completeness_piechart__plastics.txt
Transportation	itol_gene_counts_besthit__transportation.txt	13	Bacteria_71_fasttree__transportation.nwk	316	itol_phylum_annotation__transportation.txt	itol_genus_annotation__transportation.txt	itol_source_colorstrip__transportation.txt	itol_genome_name_labels__transportation.txt	itol_completeness_piechart__transportation.txt
