Cluster ID	Genome	Tier	Genes matched	Of	Seed hit count
GROW_93_consensus_panelcluster_17949	GROW_93_consensus	OSPW-associated	3	3	4
Exp3_MAG_104_panelcluster_735	Exp3_MAG_104	Plant-root MAG	2	3	4
Exp3_MAG_119_panelcluster_1377	Exp3_MAG_119	Plant-root MAG	3	3	3
Exp3_MAG_123_panelcluster_1765	Exp3_MAG_123	Plant-root MAG	2	3	2
Exp3_MAG_129_panelcluster_1988	Exp3_MAG_129	Plant-root MAG	3	3	11
Exp3_MAG_129_panelcluster_2039	Exp3_MAG_129	Plant-root MAG	2	3	2
Exp3_MAG_136_panelcluster_2493	Exp3_MAG_136	Plant-root MAG	2	3	2
Exp3_MAG_141_panelcluster_2749	Exp3_MAG_141	Plant-root MAG	2	3	2
Exp3_MAG_147_panelcluster_3069	Exp3_MAG_147	Plant-root MAG	3	3	9
Exp3_MAG_148_panelcluster_3168	Exp3_MAG_148	Plant-root MAG	2	3	7
Exp3_MAG_148_panelcluster_3176	Exp3_MAG_148	Plant-root MAG	2	3	2
Exp3_MAG_152_panelcluster_3429	Exp3_MAG_152	Plant-root MAG	3	3	3
Exp3_MAG_152_panelcluster_3408	Exp3_MAG_152	Plant-root MAG	2	3	4
Exp3_MAG_154_panelcluster_3533	Exp3_MAG_154	Plant-root MAG	2	3	2
Exp3_MAG_157_panelcluster_3651	Exp3_MAG_157	Plant-root MAG	2	3	2
Exp3_MAG_162_panelcluster_3884	Exp3_MAG_162	Plant-root MAG	3	3	3
Exp3_MAG_162_panelcluster_3816	Exp3_MAG_162	Plant-root MAG	2	3	4
Exp3_MAG_164_panelcluster_3994	Exp3_MAG_164	Plant-root MAG	2	3	3
Exp3_MAG_174_panelcluster_4504	Exp3_MAG_174	Plant-root MAG	2	3	3
Exp3_MAG_231_panelcluster_6600	Exp3_MAG_231	Plant-root MAG	2	3	3
Exp3_MAG_232_panelcluster_6628	Exp3_MAG_232	Plant-root MAG	2	3	2
Exp3_MAG_233_panelcluster_6798	Exp3_MAG_233	Plant-root MAG	2	3	2
Exp3_MAG_252_panelcluster_7967	Exp3_MAG_252	Plant-root MAG	2	3	3
Exp3_MAG_262_panelcluster_8611	Exp3_MAG_262	Plant-root MAG	2	3	7
Exp3_MAG_266_panelcluster_8969	Exp3_MAG_266	Plant-root MAG	2	3	2
Exp3_MAG_267_panelcluster_9073	Exp3_MAG_267	Plant-root MAG	2	3	3
Exp3_MAG_269_panelcluster_9235	Exp3_MAG_269	Plant-root MAG	2	3	2
Exp3_MAG_270_panelcluster_9399	Exp3_MAG_270	Plant-root MAG	2	3	2
Exp3_MAG_270_panelcluster_9446	Exp3_MAG_270	Plant-root MAG	2	3	2
Exp3_MAG_278_panelcluster_9906	Exp3_MAG_278	Plant-root MAG	2	3	5
Exp3_MAG_281_panelcluster_10194	Exp3_MAG_281	Plant-root MAG	2	3	3
Exp3_MAG_286_panelcluster_10338	Exp3_MAG_286	Plant-root MAG	2	3	4
Exp3_MAG_32_panelcluster_10752	Exp3_MAG_32	Plant-root MAG	3	3	5
Exp3_MAG_57_panelcluster_12091	Exp3_MAG_57	Plant-root MAG	3	3	5
Exp3_MAG_59_panelcluster_12185	Exp3_MAG_59	Plant-root MAG	2	3	4
Exp3_MAG_64_panelcluster_12344	Exp3_MAG_64	Plant-root MAG	2	3	4
Exp3_MAG_68_panelcluster_12524	Exp3_MAG_68	Plant-root MAG	3	3	4
Exp3_MAG_79_panelcluster_12901	Exp3_MAG_79	Plant-root MAG	2	3	3
Exp3_MAG_85_panelcluster_13263	Exp3_MAG_85	Plant-root MAG	2	3	3
Exp3_MAG_93_panelcluster_13645	Exp3_MAG_93	Plant-root MAG	2	3	2
Exp3_MAG_94_panelcluster_13663	Exp3_MAG_94	Plant-root MAG	3	3	7
CP010516.1_panelcluster_183	CP010516.1	NCBI reference	2	3	2
GCF_001190925.1_panelcluster_14743	GCF_001190925.1	NCBI reference	3	3	4
GCF_014634705.1_panelcluster_15020	GCF_014634705.1	NCBI reference	3	3	3
